{
  "title": "Help Rebuild After the Wildfire",
  "subtitle": "Direct support via crypto or GoFundMe. Every contribution goes to emergency housing, essentials, and reconstruction planning.",
  "story": [
    "A sudden wildfire destroyed our family home. We're raising funds to cover essentials (shelter, clothing, tools) and kickstart rebuilding.",
    "You can donate using BTC (on-chain), Lightning (any LN wallet), ETH, or through our GoFundMe page."
  ],
  "goal_usd": 50000,
  "raised_usd": 0,
  "gofundme_url": "https://www.gofundme.com/your-campaign-slug"
}